{
  "project_info": {
    "project_number": "822383062571",
    "project_id": "aula-segunda-android-ads",
    "storage_bucket": "aula-segunda-android-ads.appspot.com"
  },
  "client": [
    {
      "client_info": {
        "mobilesdk_app_id": "1:822383062571:android:beff5bd21bbddd9b2ac46e",
        "android_client_info": {
          "package_name": "br.com.up.devagaresecalmos"
        }
      },
      "oauth_client": [
        {
          "client_id": "822383062571-vb0aum81iacenpmvtbsem1r3giaj9k3n.apps.googleusercontent.com",
          "client_type": 3
        }
      ],
      "api_key": [
        {
          "current_key": "AIzaSyADFKygfTHSAMIrBp7ClwwR6tFycTatAow"
        }
      ],
      "services": {
        "appinvite_service": {
          "other_platform_oauth_client": [
            {
              "client_id": "822383062571-vb0aum81iacenpmvtbsem1r3giaj9k3n.apps.googleusercontent.com",
              "client_type": 3
            }
          ]
        }
      }
    }
  ],
  "configuration_version": "1"
}